Band,n_customers,n_left,spend_of_leavers,revenue_at_risk,attrition_rate,success_rate,campaign_cost,revenue_saved,net_gain,roi
0 months inactive,29,15,37515,562.725,0.5172413793,0.1,290,56.2725,-233.7275,-0.805956897
0 months inactive,29,15,37515,562.725,0.5172413793,0.2,290,112.545,-177.455,-0.611913793
0 months inactive,29,15,37515,562.725,0.5172413793,0.3,290,168.8175,-121.1825,-0.41787069
1-2 months inactive,5515,605,1840715,27610.725,0.109700816,0.1,55150,2761.0725,-52388.9275,-0.949935222
1-2 months inactive,5515,605,1840715,27610.725,0.109700816,0.2,55150,5522.145,-49627.855,-0.899870444
1-2 months inactive,5515,605,1840715,27610.725,0.109700816,0.3,55150,8283.2175,-46866.7825,-0.849805666
3-4 months inactive,4281,956,3022071,45331.065,0.2233123102,0.1,42810,4533.1065,-38276.8935,-0.894111037
3-4 months inactive,4281,956,3022071,45331.065,0.2233123102,0.2,42810,9066.213,-33743.787,-0.788222074
3-4 months inactive,4281,956,3022071,45331.065,0.2233123102,0.3,42810,13599.3195,-29210.6805,-0.682333111
5-6 months inactive,302,51,135306,2029.59,0.1688741722,0.1,3020,202.959,-2817.041,-0.932795033
5-6 months inactive,302,51,135306,2029.59,0.1688741722,0.2,3020,405.918,-2614.082,-0.865590066
5-6 months inactive,302,51,135306,2029.59,0.1688741722,0.3,3020,608.877,-2411.123,-0.798385099
